,Team,Median of Age,Mean of Age,Std of Age,Median of Matches Played,Mean of Matches Played,Std of Matches Played,Median of Starts,Mean of Starts,Std of Starts,Median of Minutes,Mean of Minutes,Std of Minutes,Median of Goals,Mean of Goals,Std of Goals,Median of Assists,Mean of Assists,Std of Assists,Median of Yellow Cards,Mean of Yellow Cards,Std of Yellow Cards,Median of Red Cards,Mean of Red Cards,Std of Red Cards,Median of Expected Goals (xG),Mean of Expected Goals (xG),Std of Expected Goals (xG),Median of Expected Assist Goals (xAG),Mean of Expected Assist Goals (xAG),Std of Expected Assist Goals (xAG),Median of Progressive Carries in Progression,Mean of Progressive Carries in Progression,Std of Progressive Carries in Progression,Median of Progressive Passes in Progression,Mean of Progressive Passes in Progression,Std of Progressive Passes in Progression,Median of Progressive Passes Received in Progression,Mean of Progressive Passes Received in Progression,Std of Progressive Passes Received in Progression,Median of Goals Scored per 90 minutes,Mean of Goals Scored per 90 minutes,Std of Goals Scored per 90 minutes,Median of Assists per 90 minutes,Mean of Assists per 90 minutes,Std of Assists per 90 minutes,Median of Expected Goals per 90 minutes,Mean of Expected Goals per 90 minutes,Std of Expected Goals per 90 minutes,Median of Expected Assists Goals per 90 minutes,Mean of Expected Assists Goals per 90 minutes,Std of Expected Assists Goals per 90 minutes,Median of Goals Against per 90 minutes,Mean of Goals Against per 90 minutes,Std of Goals Against per 90 minutes,Median of Save Percentage,Mean of Save Percentage,Std of Save Percentage,Median of Clean Sheets Percentage,Mean of Clean Sheets Percentage,Std of Clean Sheets Percentage,Median of Penalty Save Percentage,Mean of Penalty Save Percentage,Std of Penalty Save Percentage,Median of Percentage Of Shots That Are On Target,Mean of Percentage Of Shots That Are On Target,Std of Percentage Of Shots That Are On Target,Median of Shots on target per 90 minutes,Mean of Shots on target per 90 minutes,Std of Shots on target per 90 minutes,Median of Goals Per Shot,Mean of Goals Per Shot,Std of Goals Per Shot,Median of Average Shot Distance,Mean of Average Shot Distance,Std of Average Shot Distance,Median of Passes Completed,Mean of Passes Completed,Std of Passes Completed,Median of Pass Completion Percentage,Mean of Pass Completion Percentage,Std of Pass Completion Percentage,Median of Total Pass Distance,Mean of Total Pass Distance,Std of Total Pass Distance,Median of Short Pass Completion,Mean of Short Pass Completion,Std of Short Pass Completion,Median of Medium Pass Completion,Mean of Medium Pass Completion,Std of Medium Pass Completion,Median of Long Pass Completion,Mean of Long Pass Completion,Std of Long Pass Completion,Median of Key Passes,Mean of Key Passes,Std of Key Passes,Median of Passes into Final Third,Mean of Passes into Final Third,Std of Passes into Final Third,Median of Passes into Penalty Area,Mean of Passes into Penalty Area,Std of Passes into Penalty Area,Median of Crosses into Penalty Area,Mean of Crosses into Penalty Area,Std of Crosses into Penalty Area,Median of Expected Progressive Passing,Mean of Expected Progressive Passing,Std of Expected Progressive Passing,Median of Shot Creating Actions,Mean of Shot Creating Actions,Std of Shot Creating Actions,Median of Shot Creating Actions per 90,Mean of Shot Creating Actions per 90,Std of Shot Creating Actions per 90,Median of Goal Creating Actions,Mean of Goal Creating Actions,Std of Goal Creating Actions,Median of Goal Creating Actions per 90,Mean of Goal Creating Actions per 90,Std of Goal Creating Actions per 90,Median of Tackles,Mean of Tackles,Std of Tackles,Median of Tackles Won,Mean of Tackles Won,Std of Tackles Won,Median of Tackle Attempts,Mean of Tackle Attempts,Std of Tackle Attempts,Median of Tackles Lost,Mean of Tackles Lost,Std of Tackles Lost,Median of Blocks,Mean of Blocks,Std of Blocks,Median of Shots Blocked,Mean of Shots Blocked,Std of Shots Blocked,Median of Passes Blocked,Mean of Passes Blocked,Std of Passes Blocked,Median of Interceptions,Mean of Interceptions,Std of Interceptions,Median of Touches,Mean of Touches,Std of Touches,Median of Touches in Defensive Penalty Area,Mean of Touches in Defensive Penalty Area,Std of Touches in Defensive Penalty Area,Median of Touches in Defensive Third,Mean of Touches in Defensive Third,Std of Touches in Defensive Third,Median of Touches in Middle Third,Mean of Touches in Middle Third,Std of Touches in Middle Third,Median of Touches in Attacking Third,Mean of Touches in Attacking Third,Std of Touches in Attacking Third,Median of Touches in Attacking Penalty Area,Mean of Touches in Attacking Penalty Area,Std of Touches in Attacking Penalty Area,Median of Take-ons Attempted,Mean of Take-ons Attempted,Std of Take-ons Attempted,Median of Percentage of Take-Ons Completed Successfully,Mean of Percentage of Take-Ons Completed Successfully,Std of Percentage of Take-Ons Completed Successfully,Median of Tackled on Take-on Percentage,Mean of Tackled on Take-on Percentage,Std of Tackled on Take-on Percentage,Median of Carries,Mean of Carries,Std of Carries,Median of Progressive Carry Distance,Mean of Progressive Carry Distance,Std of Progressive Carry Distance,Median of Progressive Carries in Carries,Mean of Progressive Carries in Carries,Std of Progressive Carries in Carries,Median of Carries into Final Third,Mean of Carries into Final Third,Std of Carries into Final Third,Median of Carries into Penalty Area,Mean of Carries into Penalty Area,Std of Carries into Penalty Area,Median of Miscontrolls,Mean of Miscontrolls,Std of Miscontrolls,Median of Dispossessed,Mean of Dispossessed,Std of Dispossessed,Median of Passes Received,Mean of Passes Received,Std of Passes Received,Median of Progressive Passes Received in Receiving,Mean of Progressive Passes Received in Receiving,Std of Progressive Passes Received in Receiving,Median of Fouls Committed,Mean of Fouls Committed,Std of Fouls Committed,Median of Fouls Drawn,Mean of Fouls Drawn,Std of Fouls Drawn,Median of Offsides,Mean of Offsides,Std of Offsides,Median of Crosses,Mean of Crosses,Std of Crosses,Median of Ball Recoveries,Mean of Ball Recoveries,Std of Ball Recoveries,Median of Aerial Duels Won,Mean of Aerial Duels Won,Std of Aerial Duels Won,Median of Aerial Duels Lost,Mean of Aerial Duels Lost,Std of Aerial Duels Lost,Median of Aerial Duel Win Percentage,Mean of Aerial Duel Win Percentage,Std of Aerial Duel Win Percentage
0,All,26.54794520547945,26.87582149760484,4.2470172602087475,22.0,20.443762781186095,9.776047958214853,14.0,15.042944785276074,10.625527774694184,1319.0,1348.9918200408997,901.7194094481797,1.0,1.9713701431492843,3.4550981522688553,1.0,1.460122699386503,2.1979276718053713,2.0,2.8773006134969323,2.5729671415499116,0.0,0.08384458077709611,0.298776096974366,0.8,1.9885480572597136,3.0455947321973467,0.8,1.4678936605316972,1.836049489086191,14.0,25.61758691206544,30.13424501880873,37.0,50.54192229038855,49.14805731766522,24.0,50.13701431492843,63.000452445046236,0.03,0.11977505112474437,0.18666439627120784,0.03,0.08848670756646218,0.12522831741577148,0.07,0.1314519427402863,0.16025382735419721,0.07,0.09552147239263806,0.10020973931492548,1.4849999999999999,1.662857142857143,0.7757585924295155,68.4,66.82857142857142,11.191444591997458,18.9,24.69047619047619,25.424347937762235,0.0,18.534615384615385,29.76240504136307,30.6,30.03627906976744,20.489787896262534,0.23,0.4112269938650307,0.5982345334187555,0.06,0.07897674418604651,0.09954148691080816,16.3,16.757906976744184,5.122200893755389,440.0,540.6278118609407,451.4909232920184,80.1,79.21942740286299,8.45736479901345,7028.0,9284.654396728016,8134.29599216186,89.9,88.78854805725973,6.865283874875408,85.7,84.06768916155418,10.285967431483638,53.75,54.40764462809918,16.05685045750412,8.0,13.370143149284253,15.068831424906618,27.0,42.24539877300614,43.90298899761462,6.0,11.417177914110429,14.14176581549019,1.0,2.7177914110429446,4.239513391966557,37.0,50.49284253578732,49.18383516246653,20.0,31.282208588957054,31.70254473466007,1.83,2.084723926380368,1.4716210169332435,2.0,3.4171779141104293,4.158463546634929,0.15,0.21222903885480573,0.22582757797640451,17.0,24.190184049079754,22.239535800685925,10.0,14.45398773006135,13.64743526045732,17.0,22.02044989775051,19.974563512179564,8.0,10.822085889570552,10.186933276240454,11.0,14.881390593047035,13.48504945181982,2.0,5.014314928425358,7.167907157850726,8.0,9.867075664621677,9.180382675133215,7.0,10.938650306748466,11.564870449013428,722.0,817.4662576687117,611.9334477321731,31.0,92.48057259713701,172.0803881044068,154.0,269.9652351738241,300.17433598769156,271.0,347.4049079754601,310.0142243835349,137.0,208.17177914110428,207.12342666652236,20.0,33.86298568507157,40.419871655832544,13.0,24.932515337423315,30.692912255396845,44.9,46.800448430493276,22.690525662809975,43.8,42.340134529147974,21.798055350432364,390.0,458.23312883435585,353.0483568307422,1012.0,1273.2556237218814,1076.9721359690602,14.0,25.593047034764826,30.14887977284081,12.0,17.226993865030675,18.071341073609695,2.0,7.950920245398773,13.977354495776137,12.0,18.570552147239265,19.0048427796642,7.0,12.973415132924336,14.601584126720242,472.0,535.0286298568507,413.79294536962334,24.0,50.10838445807771,63.02093159340847,11.0,15.100204498977504,13.62225231578155,10.0,14.658486707566462,14.462782031777147,1.0,2.3435582822085887,3.8841529153805645,9.0,23.993865030674847,35.324345549698904,44.0,56.88139059304704,45.85381084003915,10.0,17.687116564417177,20.804374187086303,12.0,17.70756646216769,18.16438947750098,50.0,49.30435684647302,22.006582876906034
1,Arsenal,26.856164383561644,26.476214196762143,3.8227439047507046,22.5,22.59090909090909,7.926201822100882,16.0,17.0,10.155927192672126,1427.5,1519.4545454545455,881.6773369021836,2.0,2.772727272727273,2.8103858095052354,1.5,2.272727272727273,2.675849988353824,2.5,2.909090909090909,1.9738550848793068,0.0,0.22727272727272727,0.5284134548067253,1.65,2.5,2.5875158154566122,0.9,1.8863636363636365,2.1285576280095344,23.0,34.31818181818182,31.38301992151073,55.5,75.18181818181819,60.81559665527253,51.0,74.18181818181819,75.04134502528231,0.1,0.165,0.16695451333764394,0.11,0.13863636363636364,0.1549284152530253,0.095,0.15227272727272728,0.14182255238020633,0.095,0.12090909090909091,0.11939965266397155,0.85,0.85,,75.5,75.5,,35.3,35.3,,0.0,0.0,,31.7,27.890476190476193,16.68954477395668,0.225,0.41090909090909095,0.4100512057560511,0.14,0.13666666666666666,0.1303584800975116,15.0,14.671428571428573,4.9987141203656416,459.5,700.4090909090909,551.782622751535,82.8,82.34545454545454,6.296614908612351,7044.5,11484.318181818182,9779.359723838013,91.94999999999999,90.87272727272727,4.759169777355813,86.0,84.87272727272727,8.04873144800334,53.15,55.54545454545455,9.681830172949507,10.0,17.136363636363637,17.313070907335423,39.5,56.95454545454545,52.282635989150606,9.0,17.863636363636363,17.81731489188845,1.5,3.0,3.625307868699863,55.5,75.18181818181819,60.81559665527253,24.0,38.81818181818182,33.092419450808144,2.245,2.458636363636364,1.4281332986156157,3.0,4.909090909090909,5.485123525188844,0.25,0.2963636363636364,0.3097394520214177,19.0,24.09090909090909,20.328045583120804,12.0,14.272727272727273,12.329530243172934,20.0,20.772727272727273,14.165457040285471,10.5,10.318181818181818,7.167295854792788,10.0,13.181818181818182,10.83924247764471,1.5,4.318181818181818,6.792056730625462,7.5,8.863636363636363,7.272226714375824,6.0,9.272727272727273,8.647497949072944,738.5,983.7727272727273,662.5281975539702,24.0,73.5909090909091,163.87238330071972,120.5,246.1818181818182,327.2144536864146,291.0,427.95454545454544,385.05231274436403,223.5,316.90909090909093,232.4484395651583,37.0,52.5,48.60114637095948,22.5,29.727272727272727,28.687448422083428,43.45,48.877272727272725,22.218287873220927,35.05,36.91818181818182,17.634156152293286,406.5,578.1818181818181,402.1900328337619,1282.5,1631.9545454545455,1113.2316097214975,23.0,34.31818181818182,31.38301992151073,19.0,21.363636363636363,17.956416692450095,4.5,11.772727272727273,14.582872596308766,15.0,19.318181818181817,15.285805315908094,13.5,15.681818181818182,13.357310691817755,528.5,693.6818181818181,483.4732854552749,51.0,74.18181818181819,75.04134502528231,14.0,16.636363636363637,11.0606357112809,17.0,16.318181818181817,11.712371821268896,1.5,3.409090909090909,3.7245529090475236,11.0,31.818181818181817,42.05057766845875,48.0,58.04545454545455,40.02793937658958,10.5,19.5,19.815217817194366,15.5,18.954545454545453,17.761588498048987,51.15,48.0,19.478021802363124
2,Aston Villa,27.715068493150685,27.117199391171994,4.112822214879278,20.0,19.444444444444443,9.775689365160012,12.0,14.074074074074074,11.152529640351439,1051.0,1226.2962962962963,919.6439450977676,1.0,2.074074074074074,3.3273450484169915,0.0,1.4814814814814814,2.3918189147169397,2.0,2.4074074074074074,2.2405229344827116,0.0,0.037037037037037035,0.19245008972987526,0.9,1.9851851851851852,2.948102871561734,0.5,1.4296296296296296,1.9751951831138137,16.0,23.703703703703702,22.902493674799185,34.0,44.25925925925926,46.56310242157955,23.0,45.77777777777778,51.36396022754097,0.05,0.1948148148148148,0.2946884974703128,0.0,0.0774074074074074,0.09768838182209767,0.09,0.19111111111111112,0.23736264584181235,0.05,0.08148148148148149,0.07964844407692244,1.705,1.705,0.417193000900063,60.75,60.75,7.28319984622144,57.6,57.6,59.96265504461923,50.0,50.0,,32.3,33.550000000000004,21.34470711298542,0.23,0.5151851851851852,0.673203423196027,0.06,0.09375,0.09044876041643447,16.35,16.708333333333332,4.534113850114165,470.0,491.51851851851853,413.4935931389404,81.8,81.07777777777777,7.134441562607154,6225.0,8390.851851851852,7723.824793374487,91.4,89.84444444444445,5.564816213243659,85.9,85.4925925925926,8.787093941856998,53.1,54.05555555555556,15.01215746636278,7.0,12.296296296296296,14.630880973566768,23.0,38.18518518518518,45.499819980233084,8.0,10.814814814814815,12.54541607071939,0.0,2.2222222222222223,3.886201757830402,34.0,44.25925925925926,46.56310242157955,22.0,28.85185185185185,29.137213455943378,1.89,2.0425925925925927,1.2707011770992742,2.0,3.4074074074074074,3.7953337672144727,0.17,0.22518518518518518,0.20541459708393825,13.0,21.444444444444443,20.324924701030607,6.0,12.333333333333334,12.412772578152033,13.0,18.51851851851852,18.454456143895207,6.0,8.185185185185185,8.019385344933944,11.0,11.333333333333334,8.726617108241095,3.0,3.6296296296296298,4.152368630331999,6.0,7.703703703703703,6.194382162118379,7.0,8.444444444444445,8.284987968671146,674.0,725.3333333333334,553.0375561040485,27.0,86.77777777777777,189.84453828843414,134.0,241.88888888888889,294.3915933861058,252.0,308.8888888888889,291.7305571048702,115.0,181.7037037037037,165.88893754901082,20.0,32.18518518518518,37.51106199616017,17.0,24.48148148148148,29.286870739647107,47.15,49.676923076923075,25.966213550570792,41.650000000000006,39.330769230769235,23.99306181763001,404.0,411.51851851851853,305.5428171392892,1082.0,1181.4074074074074,915.563477581692,16.0,23.703703703703702,22.902493674799185,13.0,15.037037037037036,13.051617882267674,2.0,7.0,10.502746893441367,10.0,17.25925925925926,21.40020235812412,8.0,13.148148148148149,14.94786762179631,481.0,485.962962962963,371.7915546565846,23.0,45.77777777777778,51.36396022754097,8.0,13.814814814814815,13.376319595685725,10.0,16.555555555555557,17.018843252143363,1.0,2.0,2.948271984113354,7.0,20.48148148148148,34.02077461512459,39.0,46.77777777777778,35.23474392538109,8.0,12.518518518518519,11.626793890937268,10.0,13.62962962962963,13.842932515431135,48.6,43.25769230769231,22.31234946081516
3,Bournemouth,25.97808219178082,26.44860035735557,3.8398865412066323,24.0,21.0,9.496410805236795,16.0,15.73913043478261,11.013286980669172,1530.0,1409.6521739130435,946.7328320788122,1.0,2.217391304347826,3.410632062711203,1.0,1.608695652173913,2.0167284586402126,3.0,3.608695652173913,2.96554656061274,0.0,0.043478260869565216,0.20851441405707472,1.0,2.617391304347826,3.4702177261943774,1.1,1.7565217391304346,1.830008963454581,19.0,28.47826086956522,33.227685013906694,41.0,56.82608695652174,50.939047510380696,31.0,56.0,69.68891916614473,0.03,0.1356521739130435,0.18322430582501684,0.04,0.1017391304347826,0.11953136423371534,0.08,0.18478260869565216,0.2047142035578868,0.1,0.13043478260869565,0.14898072666286752,1.0,1.09,0.15588457268119899,80.0,79.86666666666666,4.801388688008223,20.0,15.633333333333333,13.971518648068768,0.0,0.0,,30.2,25.09,17.10992017576507,0.16,0.5543478260869565,0.6596543591289203,0.065,0.057999999999999996,0.05346912537550107,16.450000000000003,15.765,4.442293741324466,415.0,478.7391304347826,387.9912390518988,74.1,73.92608695652174,6.721486401581148,6761.0,8706.608695652174,7498.847103747048,88.0,86.81739130434782,7.304584623490863,78.8,81.45652173913044,10.777452308447927,47.0,47.126086956521746,18.176938870980656,11.0,17.130434782608695,16.147908245697412,35.0,46.78260869565217,46.55295764624036,6.0,12.73913043478261,13.525119361948002,2.0,3.782608695652174,5.213239454758262,41.0,56.82608695652174,50.939047510380696,28.0,39.52173913043478,35.50143347325747,2.35,2.62,1.8788971620220587,2.0,3.782608695652174,4.010854836782196,0.22,0.23043478260869565,0.20857695900095716,21.0,27.08695652173913,22.797354398897536,10.0,15.73913043478261,14.203768358190109,23.0,24.26086956521739,20.684243874602515,12.0,12.73913043478261,10.309824931519305,14.0,17.347826086956523,15.581482878585472,2.0,5.043478260869565,6.643371685505686,8.0,12.304347826086957,11.81076081995758,8.0,13.521739130434783,15.069142357261052,778.0,809.2173913043479,595.094641558019,41.0,84.26086956521739,140.8623497639723,148.0,242.7826086956522,263.0634138070029,285.0,346.17391304347825,307.44794861361385,118.0,230.34782608695653,229.3121351694419,19.0,38.56521739130435,47.16010070827063,16.0,25.91304347826087,31.02332413388684,41.650000000000006,43.144999999999996,19.24639337368788,45.099999999999994,43.005,19.095893055286716,454.0,435.4347826086956,325.20382784381366,1059.0,1363.3478260869565,1229.297050006283,19.0,28.47826086956522,33.227685013906694,15.0,19.73913043478261,19.214618940475194,1.0,8.91304347826087,15.828377977768746,17.0,22.17391304347826,20.135116709400663,8.0,13.434782608695652,16.527734506130546,406.0,473.8695652173913,350.875697278554,31.0,56.0,69.68891916614473,15.0,19.347826086956523,17.458024192206064,10.0,14.826086956521738,13.12752893008721,0.0,2.652173913043478,4.848698941254748,10.0,31.565217391304348,39.50584086499859,55.0,69.91304347826087,55.65389232771861,20.0,22.304347826086957,20.334553625448606,22.0,23.608695652173914,20.198422824195465,45.9,50.32727272727273,17.984018879686907
4,Brentford,24.816438356164383,26.177690802348337,3.9137679412080026,26.0,22.238095238095237,10.839302384862052,21.0,17.285714285714285,12.625937023218741,1913.0,1547.6666666666667,1066.34902041186,0.0,2.6666666666666665,5.11207720338155,1.0,1.7619047619047619,2.4475449312476756,2.0,2.2857142857142856,1.5856499343441837,0.0,0.047619047619047616,0.21821789023599236,0.8,2.419047619047619,3.832834336051983,1.2,1.7380952380952381,2.1989716211166055,12.0,24.523809523809526,31.18592478606181,51.0,55.904761904761905,52.115165510535185,27.0,55.285714285714285,73.31039684597462,0.0,0.11142857142857142,0.18738424998611047,0.06,0.0819047619047619,0.09877343001126607,0.06,0.1180952380952381,0.1568636046895215,0.08,0.09380952380952381,0.08169921605965325,1.385,1.385,0.2050609665440988,61.65,61.65,16.475588001646557,57.8,57.8,59.67981233214461,0.0,0.0,,37.5,32.6,16.513782122820928,0.17,0.3138095238095238,0.37354352076399605,0.06,0.0823529411764706,0.08555184186830127,14.9,15.852941176470589,4.31973923504921,471.0,553.8571428571429,426.4507340495835,77.2,76.54285714285714,7.969226526368253,7521.0,10141.904761904761,8967.726684644007,87.1,86.5,7.891134265744056,79.9,81.97142857142858,10.019488153450897,55.1,55.41904761904762,13.44327411933637,8.0,13.619047619047619,16.7405979298118,41.0,45.76190476190476,38.296089567872016,7.0,13.523809523809524,17.89306862340568,2.0,3.7142857142857144,5.04125834631451,51.0,55.904761904761905,52.115165510535185,21.0,32.285714285714285,34.527008062012634,1.72,1.8771428571428572,1.1752027180752385,2.0,4.619047619047619,5.696281159460008,0.2,0.26571428571428574,0.24904962213525697,24.0,25.952380952380953,21.287264245262215,16.0,15.571428571428571,12.484275824297653,24.0,24.285714285714285,19.59117877296529,10.0,11.285714285714286,9.930472582625951,17.0,19.952380952380953,18.334328977293364,4.0,8.19047619047619,12.131030655385581,12.0,11.761904761904763,9.74630577144367,8.0,12.238095238095237,11.911778884384823,762.0,889.047619047619,639.2070459710591,47.0,138.52380952380952,274.6520742771878,216.0,348.85714285714283,401.44156308412886,325.0,329.7142857142857,263.5502120767773,158.0,218.66666666666666,222.92517429248164,24.0,40.80952380952381,44.29516796177552,12.0,25.714285714285715,32.42243491340966,45.2,47.73157894736842,19.312030005257775,42.9,43.305263157894736,16.163899202448047,382.0,470.7142857142857,345.33608888402364,1164.0,1298.6190476190477,1089.2998887446226,12.0,24.523809523809526,31.18592478606181,9.0,15.19047619047619,18.24724375794615,1.0,8.666666666666666,16.674331570810665,14.0,21.285714285714285,23.82255833688493,8.0,12.047619047619047,12.997985191852582,475.0,545.6190476190476,392.1734917342676,27.0,55.285714285714285,73.31039684597462,11.0,12.428571428571429,10.107281674967945,10.0,14.19047619047619,13.555880818371957,1.0,2.9523809523809526,4.477456761111049,13.0,27.904761904761905,42.8181092084935,50.0,67.33333333333333,53.943797913507474,12.0,26.0,29.816103031751148,14.0,23.095238095238095,23.08225457338334,55.1,54.03809523809524,19.42836782106197
5,Brighton,24.5013698630137,26.015753424657532,5.170691932287595,20.0,18.678571428571427,10.015001974551204,9.0,13.571428571428571,9.700815435097201,895.5,1198.4642857142858,866.17795973836,1.0,1.9285714285714286,2.9555794246559737,1.0,1.3928571428571428,1.5948826896203978,2.5,2.7142857142857144,2.4923162342769047,0.0,0.10714285714285714,0.314970394174356,0.75,1.8964285714285716,2.6381084894515623,1.15,1.3285714285714287,1.3826590439244346,16.5,25.785714285714285,29.92380093560747,38.5,49.17857142857143,48.97093134097121,28.5,48.964285714285715,62.036716811935115,0.045,0.11464285714285714,0.14119810466824534,0.04,0.10607142857142858,0.14122058620560235,0.09,0.12964285714285714,0.12242857760243976,0.095,0.10750000000000001,0.07923827171073144,1.095,1.095,0.8414570696119915,69.15,69.15,8.273149339882604,34.4,34.4,22.061731573020282,0.0,0.0,,29.0,29.407692307692308,21.355728469465483,0.31,0.3682142857142857,0.3315290453889492,0.05,0.07692307692307693,0.08812578423000754,16.45,17.61923076923077,4.044257086859759,333.0,506.4642857142857,474.92864821936246,80.8,79.78214285714286,7.954269925826632,4737.5,8644.42857142857,9038.475860652496,91.4,89.29642857142858,6.62109323762894,82.1,81.52857142857144,10.403341953887885,53.0,54.464285714285715,16.966594941688918,10.5,11.821428571428571,9.95193475114288,21.5,38.142857142857146,47.72972851511921,8.0,10.928571428571429,10.316935273575842,1.0,2.8214285714285716,3.7717622507510304,38.5,49.17857142857143,48.97093134097121,23.5,29.928571428571427,23.339568327958627,2.8099999999999996,2.515,1.2015869136733768,3.0,3.5714285714285716,2.847072198912438,0.3,0.31535714285714284,0.270383570381551,16.5,22.428571428571427,18.954973101827534,10.0,13.714285714285714,11.63601415420355,17.5,22.535714285714285,18.45611841309832,9.0,11.607142857142858,9.146297715729677,12.0,13.964285714285714,12.093714752214742,2.0,3.892857142857143,5.328743064316635,9.0,10.071428571428571,9.786341848335708,8.5,10.035714285714286,9.45352038232571,630.5,759.4285714285714,607.9702982859308,22.5,82.78571428571429,190.6533323120609,118.0,241.96428571428572,318.57640308593886,227.0,330.75,317.81192027151326,145.0,195.32142857142858,177.23578218512333,13.0,33.642857142857146,41.92074911483818,12.0,27.0,31.68595903550972,41.5,45.25555555555556,21.766811952238264,44.8,47.148148148148145,20.800413649185153,362.5,443.4642857142857,379.48429744929103,993.5,1333.857142857143,1408.764068628314,16.5,25.785714285714285,29.92380093560747,15.0,18.392857142857142,18.56388226820362,1.5,8.142857142857142,14.706295668016887,11.5,18.75,18.721397937673906,7.0,11.642857142857142,12.278298487844875,408.0,501.4642857142857,418.27631148718285,28.5,48.964285714285715,62.036716811935115,10.5,14.142857142857142,12.213272336438797,9.0,13.571428571428571,14.456649300398382,1.0,1.4285714285714286,1.7935805576921313,10.0,21.857142857142858,27.30447566854913,39.0,52.67857142857143,43.17582791796952,11.5,16.785714285714285,17.70824696524223,13.0,15.357142857142858,14.288597592626827,50.0,49.56296296296296,19.987498942091626
6,Chelsea,24.29041095890411,24.18240252897787,2.3770583204733398,17.5,19.23076923076923,10.80484221932997,12.5,14.538461538461538,11.321592712090537,1046.5,1291.423076923077,995.1280188227813,1.0,2.269230769230769,3.4705353167221022,1.0,1.6538461538461537,2.2260693195371557,2.5,3.6538461538461537,3.224187434902725,0.0,0.038461538461538464,0.19611613513818402,0.8500000000000001,2.457692307692308,3.9613303903535315,1.0,1.8576923076923075,2.3231311761367377,12.0,30.53846153846154,38.52815154583025,33.0,56.53846153846154,61.782347491322,11.5,56.07692307692308,74.30365970902002,0.05,0.14615384615384613,0.2058169463008704,0.055,0.12769230769230772,0.18575914927255008,0.08499999999999999,0.15346153846153848,0.17688283823349985,0.08,0.15076923076923077,0.1698922735599963,1.3050000000000002,1.3050000000000002,0.27577164466275356,74.05000000000001,74.05000000000001,3.747665940288695,22.65,22.65,8.414570696119918,10.0,10.0,14.142135623730951,31.4,27.808695652173913,22.102322235940367,0.315,0.4511538461538462,0.49534090824866805,0.08,0.08391304347826088,0.08856118226374673,15.3,15.608695652173912,4.517331577931848,400.5,628.5,578.7588271465066,84.2,83.4923076923077,6.221570417630779,6768.5,10911.384615384615,10370.323385804026,91.55,90.83846153846154,5.627367194209168,89.85,87.98846153846154,7.131357622392915,57.55,56.357692307692304,17.74754457556139,6.5,16.346153846153847,20.90347781148832,26.5,52.15384615384615,57.66155898530132,4.0,12.653846153846153,16.88772881755817,0.0,2.730769230769231,5.333349358950282,33.0,56.53846153846154,61.782347491322,15.0,38.03846153846154,45.51437642699789,1.83,2.353076923076923,1.641613277799054,2.0,3.8076923076923075,4.578377273831686,0.185,0.2423076923076923,0.2490511223392931,12.5,20.53846153846154,23.06032223405522,9.0,13.0,14.294054708164511,12.0,19.192307692307693,21.83761750882038,6.5,9.692307692307692,11.428978014745608,9.0,12.576923076923077,12.924931185652252,1.5,3.8461538461538463,5.576323575204778,6.5,8.73076923076923,9.408752063085485,7.5,9.961538461538462,11.083251397422217,708.5,880.5384615384615,750.0712622554862,25.5,82.96153846153847,173.8582136729193,131.5,264.2307692307692,324.2684452970788,254.5,396.5769230769231,405.73815921866884,91.5,227.19230769230768,254.68302169257674,12.5,39.76923076923077,49.749217233888366,14.0,27.923076923076923,32.57105841316561,45.650000000000006,45.75833333333333,17.068020355055232,40.0,41.1,20.515296520020076,399.0,510.46153846153845,416.20199238054886,1010.5,1454.4615384615386,1152.3445398237188,12.0,30.53846153846154,38.52815154583025,10.0,17.46153846153846,18.573595816062696,1.5,11.038461538461538,20.18807721251485,6.0,16.076923076923077,19.002995715250954,6.5,10.76923076923077,11.690364210948065,485.0,623.4230769230769,532.8600696675948,11.5,56.07692307692308,74.30365970902002,9.0,15.26923076923077,15.731643759779693,11.0,15.923076923076923,16.3851715326342,1.0,2.230769230769231,3.829440609882256,3.5,23.653846153846153,40.0309303491111,42.5,55.19230769230769,49.165043867178014,9.0,14.076923076923077,16.341170281036977,8.5,14.192307692307692,14.50522452296201,42.1,45.64,25.483556789951173
7,Crystal Palace,27.167123287671235,26.964253098499675,3.3317964091213197,29.0,22.857142857142858,11.069262460912716,18.0,17.19047619047619,12.94457047421446,1562.0,1539.7142857142858,1091.8466532831956,0.0,1.7142857142857142,3.378503472587488,1.0,1.5238095238095237,2.088517359732679,2.0,3.4285714285714284,3.295017884191656,0.0,0.19047619047619047,0.40237390808147827,1.0,2.3857142857142852,3.3745052547426435,1.2,1.861904761904762,2.121668256461455,11.0,20.666666666666668,22.18858565419016,46.0,47.38095238095238,39.209024714313145,10.0,47.904761904761905,63.028489401146814,0.0,0.07380952380952381,0.1283929978805772,0.03,0.06190476190476191,0.08127847486383143,0.07,0.13476190476190478,0.14337430200768364,0.11,0.09952380952380951,0.07651641591686,1.38,1.38,,66.9,66.9,,29.4,29.4,,50.0,50.0,,31.25,29.810000000000002,18.424894486593548,0.29,0.44333333333333336,0.48404889560181147,0.0,0.051500000000000004,0.07307350300967694,18.549999999999997,18.294999999999998,5.776037159087354,511.0,490.57142857142856,393.2839395943561,75.6,75.21428571428571,6.587509826503921,8122.0,8794.666666666666,7605.720119313709,85.3,84.57142857142857,5.742572842998412,82.7,82.36666666666667,10.32532485364666,46.7,50.328571428571436,18.67204174312876,9.0,15.428571428571429,15.929756522217872,26.0,36.80952380952381,32.330510431508884,4.0,11.380952380952381,12.051872014239905,1.0,2.761904761904762,4.097618355883841,46.0,47.23809523809524,39.38007714810214,26.0,35.80952380952381,34.25874931695412,2.08,2.410952380952381,1.7481244371093971,3.0,3.5238095238095237,3.310876736138747,0.16,0.17523809523809522,0.16794698710066364,21.0,31.904761904761905,29.693273248169792,12.0,18.523809523809526,18.44889982524445,23.0,26.904761904761905,22.33137873465219,15.0,13.476190476190476,10.347072279727477,16.0,19.523809523809526,18.31288903373536,2.0,5.476190476190476,6.845575561039756,13.0,14.047619047619047,13.177542223329016,10.0,12.857142857142858,14.231253333019247,827.0,835.6666666666666,626.5498650014484,24.0,104.80952380952381,213.61381487338758,172.0,311.4761904761905,362.98190299898135,367.0,346.57142857142856,273.3301248359886,137.0,185.52380952380952,180.816376207361,15.0,31.80952380952381,35.368939830901134,12.0,19.904761904761905,28.786984492830715,41.9,43.147368421052626,22.093321475078604,47.6,47.09473684210526,23.367842901546243,413.0,420.4761904761905,314.6058834554146,949.0,1032.2857142857142,787.4454357514014,11.0,20.571428571428573,22.276829730846867,10.0,14.523809523809524,14.048555255324471,1.0,5.095238095238095,7.569047244566266,14.0,21.0,20.403431084011338,13.0,14.095238095238095,14.331450596170516,510.0,487.23809523809524,354.2414296439512,10.0,47.666666666666664,63.19994725736196,12.0,17.095238095238095,16.269310870177513,18.0,16.523809523809526,15.42925483495249,1.0,3.0,4.979959839195493,11.0,25.047619047619047,31.468200124055695,60.0,68.19047619047619,54.704313401795886,11.0,20.714285714285715,21.970759789189945,17.0,26.285714285714285,25.23716080929639,43.4,41.63809523809524,17.9634761722356
8,Everton,25.912328767123288,27.620369267421083,5.166475082857304,22.0,20.82608695652174,9.943715118391678,14.0,16.26086956521739,10.83855655981899,1261.0,1458.0869565217392,922.0847384173184,1.0,1.3478260869565217,1.9448929779430473,1.0,0.8695652173913043,1.099766414293465,3.0,3.0869565217391304,2.274623714700579,0.0,0.08695652173913043,0.2881040655200304,1.1,1.5999999999999999,1.9390719429665313,0.8,1.2260869565217392,1.1205588667772182,12.0,18.82608695652174,19.91037229438932,34.0,39.52173913043478,34.62378263723755,23.0,38.78260869565217,39.83940091934928,0.03,0.08652173913043479,0.11990938607784306,0.03,0.05565217391304348,0.07832485307165059,0.05,0.1082608695652174,0.12283219055106494,0.06,0.0791304347826087,0.07354114763353178,1.21,1.21,,71.5,71.5,,29.4,29.4,,100.0,100.0,,37.0,35.857142857142854,27.47050366171999,0.21,0.6978260869565218,1.8429520699182087,0.04,0.07714285714285715,0.10555296571593133,16.8,16.761904761904763,5.500043289872926,390.0,428.1304347826087,341.92281217573947,73.0,74.57391304347826,10.048845134519159,6998.0,8112.391304347826,7740.43202188195,86.2,85.5695652173913,8.342031297352458,82.3,79.11739130434783,14.16328968508225,55.0,57.98695652173913,18.127034164168524,8.0,11.173913043478262,10.271992698210747,34.0,38.17391304347826,34.451088086673415,8.0,9.478260869565217,10.27295463038481,1.0,3.4347826086956523,5.281408962806333,34.0,38.608695652173914,35.240394088234474,24.0,26.47826086956522,20.65268982089124,1.72,2.008695652173913,1.8369572280560889,2.0,2.1739130434782608,2.1245785445812215,0.08,0.13347826086956524,0.14977585360835263,20.0,28.47826086956522,28.364301451612462,13.0,16.82608695652174,17.00708989566903,22.0,25.26086956521739,22.434181289242023,8.0,12.130434782608695,11.383019042839395,11.0,15.08695652173913,14.421931037890175,3.0,5.478260869565218,9.204097729802896,7.0,9.608695652173912,8.600946726086626,9.0,12.91304347826087,12.773954479466342,645.0,737.1739130434783,527.14743945589,31.0,95.08695652173913,210.18539717537644,144.0,269.4347826086956,350.467587152177,280.0,296.2173913043478,235.6690585086212,157.0,179.3913043478261,146.38359915908202,18.0,27.347826086956523,25.88893883785501,16.0,24.91304347826087,29.518735257888277,42.75,42.93636363636364,23.42277169265486,46.75,50.26363636363636,25.273749706808925,315.0,355.82608695652175,252.904518844907,648.0,952.1304347826087,816.3339504008608,10.0,18.391304347826086,20.128539509035384,10.0,13.304347826086957,11.651901064589088,2.0,4.695652173913044,6.904772938197406,12.0,19.608695652173914,19.786908276191983,10.0,14.782608695652174,14.122697790626818,402.0,423.0,286.96103631614585,23.0,38.391304347826086,40.177717852781385,15.0,16.652173913043477,14.131231354865827,12.0,14.08695652173913,12.76327488424311,1.0,3.3043478260869565,6.226298934276472,6.0,25.82608695652174,35.4460565493707,50.0,58.56521739130435,48.01971762341394,10.0,23.26086956521739,28.857356697610445,14.0,21.52173913043478,22.85302757984634,50.0,47.87826086956522,23.25072738885113
9,Fulham,28.805479452054794,28.799003735990038,3.3514559989596875,25.0,22.681818181818183,10.40323376298316,16.5,15.863636363636363,11.523456221552774,1596.5,1523.2727272727273,935.5311290953891,0.5,2.227272727272727,3.2649920612726087,1.0,1.9090909090909092,2.561790499391112,2.0,3.0,2.9760952365713798,0.0,0.045454545454545456,0.21320071635561041,1.0,2.022727272727273,2.6750935574528114,0.95,1.5681818181818181,1.8255818025355415,22.0,31.454545454545453,35.727443463676714,46.5,59.31818181818182,49.334993244567876,38.0,62.63636363636363,70.41614090840892,0.015,0.16863636363636364,0.254713573114988,0.09,0.10818181818181817,0.12385230696032247,0.095,0.14863636363636365,0.15387983730497096,0.085,0.10045454545454545,0.08097485045942603,1.35,1.35,,68.3,68.3,,14.7,14.7,,0.0,0.0,,31.0,32.9,24.113730528476925,0.37,0.5818181818181819,0.6104380656828603,0.06,0.07476190476190477,0.09260772363140386,15.4,16.876190476190477,4.722806873238071,561.5,598.5,477.05233315793413,81.2,79.88181818181819,7.993725894703526,8910.5,10402.40909090909,8779.056314721776,90.2,88.47272727272728,6.592216320579601,84.19999999999999,83.97727272727273,8.870600549712185,55.95,57.82272727272727,13.20634522161806,9.5,15.863636363636363,16.651313274520838,38.5,47.5,40.25602587250286,7.0,13.181818181818182,18.45879933059766,1.5,4.090909090909091,6.7676336928697465,46.5,59.31818181818182,49.334993244567876,29.0,36.40909090909091,32.000980775013296,2.2249999999999996,2.5272727272727273,1.7100520232080432,3.0,4.045454545454546,4.336745243539134,0.185,0.23363636363636367,0.20977415189959606,20.0,26.09090909090909,22.551336336518297,12.0,15.863636363636363,14.535000301556025,16.5,22.09090909090909,20.365491566697983,8.0,10.909090909090908,11.00177081378089,12.0,13.545454545454545,10.839641852839764,2.0,3.3636363636363638,4.135162282131996,9.5,10.181818181818182,8.318861893520245,6.5,11.045454545454545,13.163720970286091,893.5,887.5909090909091,652.8645786138638,21.5,93.72727272727273,227.0987160682042,129.5,280.6818181818182,355.30086330208024,341.0,363.5,303.529672198225,204.0,253.1818181818182,226.33322176102934,32.0,37.09090909090909,37.708037656395,18.0,25.545454545454547,26.114632411236922,44.4,44.15714285714286,18.44046017399163,41.3,37.57142857142857,15.519315154256738,506.0,526.3181818181819,401.12607997315763,1125.5,1436.2727272727273,1267.6112586397705,22.0,31.454545454545453,35.727443463676714,17.5,22.136363636363637,23.44861749309887,4.0,9.045454545454545,11.184501490592844,14.5,20.227272727272727,17.97599409313331,7.5,11.409090909090908,11.71754521223903,595.0,593.9545454545455,431.21748763822376,38.0,62.63636363636363,70.41614090840892,14.5,16.59090909090909,13.727480575244787,13.0,13.909090909090908,11.177822817692313,1.0,1.7727272727272727,3.1912352912285677,15.0,36.40909090909091,50.66290000808715,51.0,61.40909090909091,44.85071437654678,10.5,19.09090909090909,20.80958819964876,17.5,20.227272727272727,20.40758920033665,47.75,47.4,24.09506963991557
10,Ipswich Town,26.95205479452055,27.211448140900195,2.984893942993378,18.0,18.214285714285715,8.799651267741377,11.5,12.857142857142858,9.698087958608648,1006.0,1154.25,794.0420095706289,0.0,1.0357142857142858,2.3645866110738774,0.0,0.75,1.004618962223618,2.0,2.892857142857143,2.5724939004252017,0.0,0.17857142857142858,0.3900210277874798,0.5,0.9964285714285713,1.7727321752253962,0.4,0.7000000000000001,0.9835687100591434,8.0,14.75,18.458411712901057,21.5,27.964285714285715,25.960771179062462,13.5,26.357142857142858,36.13166692110059,0.0,0.07107142857142858,0.12603172104273871,0.0,0.05857142857142857,0.08884919748754005,0.035,0.07821428571428571,0.10125338847292309,0.03,0.053214285714285714,0.05657204986030492,2.5,2.3333333333333335,0.4441095960833691,60.0,62.53333333333333,6.576726642740545,5.6,7.433333333333333,8.499607834090543,0.0,0.0,0.0,21.1,27.613636363636363,25.144843179629067,0.07,0.24107142857142858,0.3371266306291526,0.065,0.06545454545454545,0.07096124178379234,15.85,16.327272727272728,5.306436506570902,233.5,352.0,307.6006309293727,76.0,75.16071428571429,8.634956487729022,4484.5,6292.75,5546.153506076347,87.4,87.51785714285714,7.53933161255168,84.69999999999999,81.90714285714286,11.359444710327354,49.5,48.03076923076923,14.034693277183347,4.0,8.071428571428571,11.349428347257135,19.0,26.5,28.606526061955396,3.5,4.785714285714286,6.106202935189288,0.0,1.4285714285714286,2.8209345893997537,21.5,27.964285714285715,25.960771179062462,12.5,18.857142857142858,21.23887819754017,1.295,1.462142857142857,1.2445209018462788,1.0,1.75,2.048034287907418,0.1,0.12892857142857142,0.15071039890672555,12.5,18.285714285714285,16.57498593453879,8.0,10.25,9.34374419360652,12.0,18.75,16.93478777655737,6.5,9.892857142857142,9.64303350808734,8.5,13.821428571428571,14.233641868705313,2.0,6.107142857142857,9.836964624103974,6.5,7.714285714285714,7.697316236759229,6.5,9.821428571428571,9.603446801861843,453.0,585.1428571428571,465.2397800167704,28.5,96.85714285714286,133.58939697493577,145.5,243.96428571428572,249.9139825564962,170.0,229.82142857142858,214.03738918295085,95.0,117.60714285714286,124.67389737964676,10.0,17.392857142857142,21.673228554574788,7.0,17.428571428571427,26.439908908102975,45.349999999999994,44.964999999999996,11.729686808759174,44.849999999999994,44.78,9.004419967292089,237.5,288.60714285714283,223.04763472069672,643.0,777.8214285714286,613.3015120713422,8.0,14.75,18.458411712901057,6.5,9.821428571428571,11.058945001683684,1.0,4.285714285714286,7.6876868497961794,10.0,16.428571428571427,21.00340108513041,4.0,9.857142857142858,14.036234289006186,280.0,345.14285714285717,281.6614350974659,13.5,26.357142857142858,36.13166692110059,9.5,13.285714285714286,14.86944952244464,7.5,11.928571428571429,11.875678760885462,0.5,1.5714285714285714,2.860051429589017,6.0,14.928571428571429,29.603463975776204,39.0,44.035714285714285,36.2690380585579,7.5,16.928571428571427,22.179283913612604,13.0,16.642857142857142,18.080507788907973,52.599999999999994,52.93571428571429,26.84675598425827
11,Leicester City,26.72739726027397,27.194625922023185,4.46222726444891,21.0,19.73076923076923,9.568940139044418,14.5,14.384615384615385,9.810512415065476,1355.0,1292.2307692307693,811.2181116169588,0.0,1.0384615384615385,1.7995725988304938,0.0,0.8076923076923077,1.132050556087696,2.0,3.076923076923077,2.5756253908218394,0.0,0.0,0.0,0.35,1.126923076923077,2.086635127147569,0.4,0.8692307692307693,1.0653710079664194,13.5,20.26923076923077,22.210912079079854,28.5,37.96153846153846,34.43542451514808,19.5,37.46153846153846,40.25044672470681,0.0,0.05846153846153846,0.09111277880483319,0.0,0.05653846153846154,0.08648432494700102,0.04,0.06538461538461539,0.08631249129671877,0.025,0.065,0.07981227975693965,2.19,2.73,1.1039474625180312,58.6,54.36666666666667,12.786842195527925,0.0,1.2333333333333334,2.1361959960016152,25.0,25.0,,33.45,34.122727272727275,22.782991396427665,0.22,0.2703846153846154,0.264582399554177,0.0,0.05590909090909091,0.07122460054604535,17.35,18.0,5.888406688853388,403.0,483.15384615384613,361.4816943976768,77.6,77.92692307692307,8.370833062117903,6171.0,8102.076923076923,6266.744072789806,88.9,88.65384615384616,6.95719660606085,82.94999999999999,84.15384615384616,9.17026633284904,52.5,55.58846153846154,17.684011466250002,6.0,8.615384615384615,8.82757916113777,23.0,34.15384615384615,31.382405653731915,5.5,7.653846153846154,8.39972527023263,1.0,2.423076923076923,3.9816888569859596,28.5,37.96153846153846,34.43542451514808,14.0,19.923076923076923,18.214111182098513,1.39,1.335,0.9839278428828,1.0,1.8076923076923077,2.349795408442714,0.05,0.11923076923076924,0.1476190523455039,21.5,25.384615384615383,21.98558968611381,12.0,14.884615384615385,13.191897280003124,18.0,24.153846153846153,21.59572607289194,10.0,12.653846153846153,11.835344718908049,15.0,17.26923076923077,13.689580540857174,3.5,6.615384615384615,8.114564304148058,9.0,10.653846153846153,8.347178242698824,9.0,11.307692307692308,11.564667676225653,739.5,753.6923076923077,512.0534166846868,33.0,99.15384615384616,166.61925274293898,147.0,275.5769230769231,279.2346931277592,319.0,343.34615384615387,271.36026861833585,100.5,142.1153846153846,132.25258467737467,15.0,21.692307692307693,23.909444545232297,11.5,22.346153846153847,26.5072704105003,41.0,44.4125,28.580995700244443,48.3,47.75416666666666,25.639659822179805,436.5,427.0,280.2907062319406,1080.5,1063.1923076923076,735.7726289679861,13.5,20.26923076923077,22.210912079079854,8.0,12.76923076923077,12.067502450159907,2.5,4.730769230769231,6.148545794300908,12.0,16.96153846153846,15.631969214992125,7.5,11.307692307692308,12.830492526070014,467.5,478.88461538461536,320.748290960133,19.5,37.46153846153846,40.25044672470681,13.0,14.0,10.654576481493763,11.0,13.0,11.327841806805036,1.0,2.230769230769231,4.885142309556128,9.5,21.96153846153846,27.319561884087044,41.0,51.65384615384615,37.202088444271304,11.5,17.576923076923077,16.560611285633335,15.0,19.576923076923077,17.497824040544188,50.5,49.45416666666667,19.769453361989655
12,Liverpool,26.424657534246574,27.190084801043707,3.689684918684409,27.0,23.714285714285715,8.5623761722016,18.0,17.285714285714285,11.528845810153145,1560.0,1549.2380952380952,945.4482484389034,1.0,3.5714285714285716,6.209439818304293,2.0,2.6666666666666665,3.928528138289623,3.0,2.857142857142857,2.308369863902106,0.0,0.09523809523809523,0.30079260375911915,1.6,3.5238095238095237,5.410259213929103,1.2,2.538095238095238,2.9508433015794298,21.0,34.23809523809524,35.53435627938793,67.0,79.57142857142857,65.63045895662427,54.0,78.80952380952381,104.57371517146126,0.04,0.16523809523809524,0.23595802693739934,0.14,0.14666666666666667,0.15166849815743985,0.07,0.18619047619047618,0.21143500633708198,0.11,0.1376190476190476,0.12074372703808517,1.015,1.015,0.26162950903902266,69.85,69.85,3.181980515339464,39.55,39.55,0.6363961030678943,100.0,100.0,,32.5,32.09444444444445,14.871784268212792,0.35,0.5109523809523809,0.4610412645512846,0.08,0.07333333333333333,0.06816933932149712,14.85,15.355555555555554,3.9389789991259865,590.0,756.0952380952381,609.8724378722083,83.7,82.77142857142857,7.601061955881091,10916.0,12863.47619047619,10858.110874452552,91.7,91.25238095238095,5.947320324954681,88.3,86.58095238095238,9.867199149080708,60.0,60.38095238095238,15.11216791355956,11.0,21.047619047619047,21.40905460424675,39.0,66.0,68.77717644684172,8.0,18.38095238095238,22.301291869477406,1.0,3.5714285714285716,5.775564289066728,67.0,79.57142857142857,65.63045895662427,35.0,47.904761904761905,43.52689371170973,2.71,2.6204761904761904,1.5328257441420932,4.0,6.238095238095238,6.171748228053068,0.34,0.35,0.2692953768633988,24.0,27.142857142857142,22.77780874949501,15.0,16.666666666666668,14.11854572303158,19.0,27.428571428571427,26.596186622467947,9.0,12.952380952380953,13.377130448927344,9.0,14.80952380952381,14.316490658045524,2.0,3.857142857142857,4.452928410447604,8.0,10.952380952380953,12.463852496223591,7.0,12.619047619047619,15.622023526023092,758.0,1070.5238095238096,788.2621149749376,26.0,95.0,144.88340139574305,155.0,290.5238095238095,306.73532875226795,280.0,484.0952380952381,452.09334265856035,195.0,305.3333333333333,275.125486520848,40.0,54.142857142857146,70.26256877903464,16.0,27.666666666666668,34.40833232421085,48.55,54.839999999999996,20.867965880746496,41.8,38.04,19.69617649243255,489.0,616.2380952380952,441.3363688573495,1318.0,1677.2857142857142,1201.31312083308,21.0,34.23809523809524,35.53435627938793,17.0,23.19047619047619,20.93470574815669,5.0,13.380952380952381,25.281369010550417,19.0,22.0,24.130893062628246,10.0,14.095238095238095,15.38474816792515,551.0,747.8095238095239,549.4712566684102,54.0,78.80952380952381,104.57371517146126,15.0,17.761904761904763,15.946487895159743,12.0,14.761904761904763,12.988089782199543,1.0,2.5714285714285716,4.249369701160733,6.0,30.238095238095237,43.21678465816813,58.0,66.71428571428571,47.201846210866435,9.0,17.476190476190474,25.40987809419606,12.0,15.571428571428571,12.773298041506072,45.0,50.65238095238095,21.99176252708316
13,Manchester City,26.665753424657535,26.973808219178082,4.913737779471895,22.0,19.24,8.762039336440653,16.0,14.92,8.405950273467003,1404.0,1341.76,744.1720388010647,1.0,2.6,4.406434688800762,0.0,1.88,2.5053276565484737,2.0,2.32,1.74928556845359,0.0,0.04,0.2,1.2,2.496,4.170079935285013,1.5,1.992,2.216588971069437,34.0,40.56,43.47995706836274,62.0,68.16,58.15401963751087,25.0,67.48,75.24411383401805,0.06,0.1832,0.2525819998865055,0.0,0.10279999999999999,0.14099408971064473,0.07,0.16399999999999998,0.2213406123301069,0.07,0.11960000000000001,0.12604496552156827,1.31,1.31,0.22627416997969516,68.25,68.25,0.3535533905932738,28.4,28.4,4.808326112068523,0.0,0.0,0.0,32.45,31.472727272727273,21.20083515466811,0.33,0.46880000000000005,0.5252802426641738,0.10500000000000001,0.13636363636363635,0.21346451594375015,17.9,17.03181818181818,4.809750648287424,676.0,767.72,566.6331499891854,87.7,86.54799999999999,6.864347504800925,10078.0,12456.0,9299.120500527635,94.3,92.152,6.0147125173749325,92.1,89.58,7.788345994711156,62.5,59.548,12.249425836884493,9.0,16.92,16.484639314626612,42.0,59.68,61.61758407035013,11.0,15.32,15.523423162004786,1.0,2.28,3.062134331910778,62.0,68.16,58.15401963751087,33.0,39.04,33.14045865705543,2.13,2.4212000000000002,1.7581318683951632,3.0,4.56,4.426059195266145,0.28,0.2812,0.23896164266816267,15.0,17.68,16.074617673006514,7.0,10.8,10.43232156968588,12.0,16.12,14.95080822787406,6.0,8.52,8.211374225223613,11.0,12.04,9.230745726465802,1.0,3.2,4.699290726623894,9.0,8.84,6.731022705849882,5.0,7.96,8.25873275186131,878.0,1000.36,670.0436478319901,35.0,76.12,134.0862036154354,197.0,234.16,233.0010157345528,331.0,430.92,377.4434747967789,324.0,343.48,270.0856530806477,22.0,47.12,50.59917654138915,21.0,28.64,39.31060077553297,45.5,48.49130434782609,26.65992759049497,35.1,37.21739130434783,23.674816926889616,563.0,643.48,446.0446651775283,1674.0,1994.16,1516.486500654281,34.0,40.56,43.47995706836274,23.0,30.36,26.888473366853685,3.0,14.04,22.040644273704885,10.0,16.72,14.825428605383836,11.0,14.24,13.917255476565774,630.0,757.48,520.4894427363537,25.0,67.48,75.24411383401805,10.0,10.36,7.9732887401205605,12.0,13.44,11.165721353022084,0.0,1.68,2.461706725018234,8.0,22.96,31.07716203259236,46.0,51.72,34.71253375943623,5.0,10.96,13.408579343092242,8.0,11.72,10.979222801880528,46.4,45.132,20.98643847821731
14,Manchester Utd,25.693150684931506,25.519330289193302,5.051452934014777,20.0,17.62962962962963,11.398880336878397,14.0,13.0,10.727391252160194,1271.0,1162.962962962963,929.7559018565235,0.0,1.1851851851851851,2.1129097151528895,0.0,0.8518518518518519,2.070000068816493,2.0,2.6296296296296298,2.4674519424538115,0.0,0.1111111111111111,0.42365927286816163,0.7,1.5703703703703704,2.2553892406368856,0.3,1.114814814814815,1.5868943311492476,7.0,20.88888888888889,31.301675223458435,42.0,43.888888888888886,55.34113321609005,12.0,41.333333333333336,63.84536607484343,0.0,0.05814814814814815,0.09647785864112662,0.0,0.038148148148148146,0.08651531820955342,0.06,0.11518518518518518,0.15064911780411028,0.05,0.07111111111111111,0.07423110136766402,2.6550000000000002,2.6550000000000002,1.902117241391813,51.4,51.4,25.597265478953023,14.05,14.05,19.869700551341985,25.0,25.0,,29.6,25.923809523809524,15.162054767145012,0.16,0.3422222222222222,0.45649444628295255,0.0,0.04476190476190476,0.05372327685640998,15.9,16.16190476190476,6.195117124839222,543.0,525.5555555555555,468.0960891931791,82.6,82.23333333333333,8.350725440619838,8062.0,8667.814814814816,8205.851809893105,91.4,90.3851851851852,4.826665013929922,86.5,85.75925925925925,8.336170457214628,55.4,59.61851851851852,19.52444300470246,6.0,11.74074074074074,16.582179017507347,23.0,35.44444444444444,40.188338658155104,5.0,9.444444444444445,13.661662623598405,1.0,1.9259259259259258,2.555927137608491,42.0,43.888888888888886,55.34113321609005,14.0,27.74074074074074,34.948965641778294,1.89,2.11,1.4194419271725718,1.0,2.1481481481481484,3.840109210222901,0.04,0.1174074074074074,0.20500642752761516,19.0,26.333333333333332,27.640549922170504,9.0,15.777777777777779,16.786746909239792,15.0,22.925925925925927,24.469645129497337,5.0,10.333333333333334,12.12752749231776,8.0,11.777777777777779,11.102090355262394,2.0,3.5185185185185186,4.96425972768092,6.0,8.25925925925926,8.42885425461753,7.0,12.074074074074074,12.93155331834004,764.0,771.3333333333334,665.2094522664387,24.0,82.29629629629629,186.19320296914393,149.0,276.18518518518516,318.52943796296574,303.0,326.74074074074076,308.67590578925143,67.0,175.5185185185185,217.3891176899812,14.0,28.62962962962963,36.61352014693284,5.0,18.814814814814813,24.933815526211724,50.0,51.77916666666667,28.359309171181632,48.0,43.34583333333333,25.878646210923495,421.0,469.3703703703704,404.704464645133,719.0,1169.111111111111,1113.2036351599527,7.0,20.88888888888889,31.301675223458435,10.0,14.296296296296296,18.023093764165708,1.0,6.925925925925926,15.37211743065978,7.0,15.481481481481481,17.653438040332954,4.0,11.592592592592593,13.909762092914512,511.0,516.925925925926,441.90765881276474,12.0,41.333333333333336,63.84536607484343,10.0,12.777777777777779,11.596860760015163,7.0,11.592592592592593,11.26006988384947,1.0,1.962962962962963,2.941499898422853,5.0,18.814814814814813,35.261699680921005,34.0,54.2962962962963,51.604125367898206,10.0,15.25925925925926,16.032641206163884,13.0,15.555555555555555,17.93864186037705,50.95,51.05384615384616,23.286824270719794
15,Newcastle Utd,27.443835616438356,27.93841572364503,4.724786370857037,27.0,22.565217391304348,9.917047246381177,13.0,16.26086956521739,12.259383757700755,1413.0,1459.8260869565217,1021.1437728072788,0.0,2.739130434782609,5.011054972434336,1.0,2.0869565217391304,2.8430624250215066,2.0,2.5652173913043477,3.027541561256978,0.0,0.043478260869565216,0.20851441405707474,0.5,2.5521739130434784,4.266771140848714,0.9,1.8478260869565217,2.2415233385959543,14.0,29.130434782608695,32.49937670426939,57.0,61.21739130434783,60.89480984133745,22.0,60.78260869565217,69.37707017172639,0.0,0.1634782608695652,0.2605520135762841,0.04,0.10652173913043479,0.13161958598559623,0.11,0.14347826086956522,0.1634460905189502,0.08,0.09913043478260869,0.09258475446256409,1.2650000000000001,1.2650000000000001,0.09192388155425119,70.6,70.6,0.14142135623730648,39.6,39.6,14.70782104868019,50.0,50.0,,25.0,22.91904761904762,17.244669293657648,0.28,0.371304347826087,0.4169729045898011,0.05,0.08714285714285715,0.10863438024598185,14.8,15.647619047619049,3.679758014818236,459.0,599.2608695652174,511.3075233156749,81.8,79.73478260869565,6.694340126055754,6537.0,10096.695652173914,9044.196147177294,88.6,87.70869565217392,7.7156224661089805,86.6,85.70434782608696,9.88053542259498,51.5,53.9952380952381,12.827060309769974,8.0,15.521739130434783,16.18604776628594,26.0,44.17391304347826,47.28506603945617,8.0,14.91304347826087,18.009878712120646,0.0,2.8260869565217392,4.63830076559238,57.0,61.21739130434783,60.89480984133745,27.0,36.130434782608695,35.29654161249189,2.01,2.0782608695652174,1.4037924353625175,3.0,4.782608695652174,5.393232474290269,0.23,0.22782608695652176,0.2213174708984837,22.0,23.82608695652174,21.35554467901836,15.0,14.608695652173912,13.344182015990688,27.0,23.391304347826086,21.848110237469427,9.0,11.173913043478262,10.650019948393794,17.0,16.73913043478261,13.938884105931045,3.0,5.608695652173913,7.190518570468543,9.0,11.130434782608695,10.096373551591713,6.0,10.869565217391305,11.545579035150942,749.0,897.6086956521739,713.2754624796047,26.0,89.8695652173913,142.2514752592701,122.0,294.17391304347825,333.3486643378225,225.0,376.04347826086956,343.39726242632923,127.0,236.1304347826087,222.54341851092707,31.0,41.56521739130435,45.543012723195396,7.0,26.26086956521739,30.264316508967138,47.9,43.82380952380952,17.009318174515542,42.9,43.93333333333334,16.7877733286262,470.0,511.4782608695652,417.47932660467455,1472.0,1391.3478260869565,1116.0105330512893,14.0,29.130434782608695,32.49937670426939,13.0,17.869565217391305,16.96066129667571,4.0,10.434782608695652,15.582117042992008,11.0,18.608695652173914,17.28567228669924,7.0,17.73913043478261,20.165716612166637,538.0,594.9565217391304,490.6910227851099,22.0,60.78260869565217,69.37707017172639,9.0,15.391304347826088,16.521993965165954,11.0,17.608695652173914,23.457387148992265,2.0,3.0434782608695654,4.300932888968976,9.0,26.652173913043477,38.67299820952383,46.0,65.0,57.43929601999599,7.0,18.434782608695652,27.516649648987755,12.0,17.782608695652176,19.15714089917465,50.0,49.630434782608695,23.879402207810216
16,Nott'ham Forest,27.115068493150684,27.251930261519302,3.593866728645354,28.5,23.227272727272727,10.099183456770477,18.0,16.681818181818183,12.28388942452428,1699.5,1482.6818181818182,1036.3232804286708,1.0,2.3636363636363638,4.169566090767886,1.0,1.7272727272727273,2.47235800655045,2.0,3.227272727272727,2.7762910884473566,0.0,0.045454545454545456,0.21320071635561041,1.2999999999999998,1.8636363636363635,2.4720428133419676,1.1,1.3454545454545455,1.3803820288074404,12.5,25.045454545454547,32.19061867588025,39.5,44.0,39.827006869591344,17.0,42.36363636363637,54.136991538262016,0.05500000000000001,0.12227272727272727,0.16925415710395328,0.06,0.09136363636363636,0.11272788367380876,0.07,0.11590909090909092,0.13464800993734213,0.065,0.08227272727272728,0.07885682131812231,1.18,1.18,,74.7,74.7,,39.4,39.4,,0.0,0.0,,33.95,38.015,26.26565247619027,0.28500000000000003,0.43636363636363634,0.4312169430206238,0.06,0.0815,0.08671034661749609,18.9,18.765,5.922328400571057,433.5,429.95454545454544,313.2790445278135,76.5,74.01363636363637,8.918535831922265,7136.5,7352.954545454545,5841.026267273445,88.44999999999999,86.35000000000001,7.919340400623803,81.4,77.68181818181819,12.158071446520673,47.3,45.95909090909091,15.162537138207854,11.5,13.727272727272727,14.21997862894991,30.5,38.31818181818182,34.87581555781185,6.5,9.272727272727273,9.90036948892899,1.0,2.3181818181818183,3.1378846929612227,39.5,44.0,39.827006869591344,26.0,32.09090909090909,30.37842136860447,1.7149999999999999,1.9413636363636364,1.3417447612452245,2.0,3.727272727272727,4.8812744060173285,0.13,0.20272727272727273,0.22365325667376101,20.5,28.181818181818183,24.55244409060961,13.0,17.227272727272727,15.23445911703939,18.0,26.681818181818183,25.12897466999734,8.0,13.136363636363637,12.877797262640158,11.0,17.5,17.492175121356137,3.5,6.454545454545454,9.757669865911698,7.5,11.045454545454545,10.176898548637697,11.0,12.681818181818182,10.620673297804677,778.0,755.4545454545455,515.2177281104633,32.0,99.9090909090909,167.8167677333452,154.0,258.77272727272725,270.51237658829194,283.0,305.22727272727275,243.70648462720612,138.5,200.6818181818182,191.6875896729677,21.0,30.5,29.521178838251018,11.0,24.318181818181817,26.765981187278545,40.0,49.1578947368421,24.315137392841287,38.2,40.22105263157895,22.27855418576769,347.0,345.1818181818182,248.5942642642992,800.0,1054.8181818181818,940.6081435186917,12.5,25.045454545454547,32.19061867588025,10.5,16.272727272727273,17.038281318930917,2.0,7.363636363636363,11.826304235113854,17.5,22.363636363636363,22.440493701693768,9.0,12.681818181818182,12.256723572279531,463.0,425.0,302.69865574606735,17.0,42.36363636363637,54.136991538262016,12.0,15.909090909090908,12.97216467198348,10.0,16.454545454545453,16.064534355818225,1.0,3.5454545454545454,5.771252836894196,6.0,23.363636363636363,34.86920520834211,46.5,62.95454545454545,49.91562144328431,13.0,22.545454545454547,24.703435798684772,18.5,21.863636363636363,24.896539163860954,46.95,51.14545454545455,20.537531897728517
17,Southampton,26.953424657534246,26.952102031176192,4.225866786297974,20.0,18.137931034482758,10.05600083081538,13.0,12.862068965517242,9.512113096809902,1122.0,1151.344827586207,828.5949930826134,0.0,0.8275862068965517,1.0713464664764276,0.0,0.5172413793103449,0.8289705171033536,2.0,2.7586206896551726,2.8617573573616952,0.0,0.10344827586206896,0.4092525928189875,0.5,1.0482758620689654,1.3694682726349283,0.5,0.7862068965517242,0.8947162909991694,10.0,20.17241379310345,26.229848000100464,23.0,35.55172413793103,38.55847711769058,20.0,34.51724137931034,37.545801258173015,0.0,0.05379310344827586,0.07997382576744579,0.0,0.043448275862068966,0.09729468720148839,0.04,0.07689655172413792,0.08908677344011537,0.03,0.05379310344827586,0.05851823849410714,2.33,2.4133333333333336,0.16196707484341794,67.5,67.60000000000001,2.6514147167125723,0.0,2.566666666666667,4.445597072760119,14.3,14.3,20.22325394193526,30.0,25.948,22.48688729015201,0.15,0.21793103448275863,0.2848104546428934,0.05,0.0712,0.09688137075826292,18.3,17.344,6.026060072717497,242.0,485.41379310344826,464.6936408032239,80.2,80.9241379310345,7.986714646050554,3918.0,8224.379310344828,8263.246345862732,90.9,89.66206896551724,6.861195949119717,89.5,85.4793103448276,10.926487453835188,55.05,53.33571428571429,17.04256575809663,5.0,8.586206896551724,8.942344057425846,13.0,31.482758620689655,38.75437366069167,5.0,6.758620689655173,7.5576601273797195,1.0,1.793103448275862,2.5548177226681186,23.0,35.55172413793103,38.55847711769058,15.0,19.586206896551722,19.38798825742245,1.43,1.4179310344827585,0.8432732962787026,1.0,1.3793103448275863,1.8787114334687767,0.06,0.10896551724137932,0.14125318776646134,13.0,20.0,18.89066284853824,7.0,11.517241379310345,10.81209867844871,13.0,17.79310344827586,13.90112870634413,10.0,9.206896551724139,6.893989671885149,7.0,12.96551724137931,14.536856504909684,2.0,5.689655172413793,8.872523591225177,5.0,7.275862068965517,7.850825942555061,5.0,9.379310344827585,12.039855816363323,457.0,706.7931034482758,615.9024957218903,42.0,91.75862068965517,165.92503797378197,161.0,258.8965517241379,312.2471942945646,186.0,303.7586206896552,297.635401980872,122.0,150.31034482758622,145.8593019337167,15.0,21.24137931034483,20.11334875224801,5.0,22.24137931034483,31.480895762820296,43.95,48.16923076923077,27.856055273218697,45.3,42.49615384615385,28.102035239736367,253.0,394.1034482758621,349.3417631599244,599.0,1069.7931034482758,1083.968646729967,10.0,20.17241379310345,26.229848000100464,9.0,14.89655172413793,18.16658004528843,1.0,5.068965517241379,7.502052264370057,9.0,14.551724137931034,14.710506951778553,5.0,10.931034482758621,13.585525476147552,338.0,480.17241379310343,421.45912096002155,20.0,34.51724137931034,37.545801258173015,12.0,14.344827586206897,12.989764822651074,8.0,13.275862068965518,15.156084472967422,0.0,1.4827586206896552,2.599734734478726,6.0,17.103448275862068,25.955105233551436,23.0,45.0,42.980061822730256,8.0,14.206896551724139,20.489334002884853,8.0,12.344827586206897,13.320971280731332,54.5,54.334482758620695,22.883420009475188
18,Tottenham,25.958904109589042,25.66174168297456,4.455368831383845,19.0,17.714285714285715,9.552417351051892,14.0,12.964285714285714,8.20335136057048,1231.0,1164.642857142857,705.5241925287795,0.0,2.0714285714285716,3.173134580944065,0.5,1.5714285714285714,2.3002185311411805,1.5,2.25,2.351122663277647,0.0,0.03571428571428571,0.1889822365046136,0.6499999999999999,1.9857142857142858,2.8676631712061416,0.75,1.4857142857142858,1.9967963759972538,14.5,27.464285714285715,28.559855460337047,46.5,53.57142857142857,46.82467580827724,29.5,53.214285714285715,68.44373582399615,0.0,0.1357142857142857,0.22067956611220463,0.025,0.11285714285714286,0.15484417837529305,0.07,0.1442857142857143,0.18939335064843557,0.08,0.10642857142857143,0.11195945978308681,1.875,1.795,0.3733184520843654,62.449999999999996,60.974999999999994,9.395876755258127,16.65,14.575,10.657821853768558,0.0,0.0,,36.4,33.36666666666667,19.604118171327226,0.295,0.40964285714285714,0.43159894057173664,0.055,0.07416666666666667,0.08657324954182953,16.85,16.183333333333334,4.998840445253424,660.0,541.6785714285714,374.264221736406,83.05,80.82142857142857,8.556927327668811,9991.0,8977.964285714286,6424.429800218576,91.30000000000001,90.14285714285714,6.801657127681439,90.3,85.42142857142858,11.242161290258666,54.45,55.21785714285714,15.414448574883401,6.5,12.75,17.34961841826094,36.5,42.607142857142854,39.36565459769165,7.5,12.642857142857142,16.474928844255455,1.0,2.892857142857143,5.020987697686329,46.5,53.57142857142857,46.82467580827724,15.0,29.464285714285715,36.06627864122462,1.65,1.9514285714285715,1.5649179703640235,2.0,3.5714285714285716,4.4756838619082595,0.21000000000000002,0.24857142857142858,0.2623217459775274,12.5,21.107142857142858,20.287451486835106,7.5,13.464285714285714,13.715312186012694,13.5,19.107142857142858,17.71030101112801,7.5,9.428571428571429,8.504589486156421,12.5,13.357142857142858,11.58291937138566,3.5,4.5,4.826623695327438,8.0,8.857142857142858,8.609702905848966,7.5,9.785714285714286,10.485818086939185,853.5,783.6071428571429,522.154676904992,39.5,79.03571428571429,107.01106974336368,205.5,251.14285714285714,218.00029124780312,370.0,331.7142857142857,259.09269857529074,142.5,208.46428571428572,225.5688253583482,23.5,33.714285714285715,41.67942661763239,18.5,26.0,28.394052585395812,42.95,43.45384615384615,25.03840619159664,48.4,43.66153846153846,24.48939487897693,546.0,492.57142857142856,316.6989958434569,1469.0,1365.892857142857,877.9964287148204,14.5,27.464285714285715,28.559855460337047,17.5,18.5,16.866578831567516,4.0,8.142857142857142,11.645104791648103,14.0,16.785714285714285,17.461825331715584,9.0,13.464285714285714,15.849949510042594,608.0,537.2857142857143,347.50548699562074,29.5,53.214285714285715,68.44373582399615,9.5,13.678571428571429,12.631687290679888,10.0,15.25,14.995369655700758,0.5,1.8571428571428572,2.8507865803991934,11.0,25.071428571428573,41.89398310146482,52.0,52.785714285714285,40.81607993122785,8.5,13.0,13.244146156223414,9.5,13.392857142857142,13.239501181479291,50.0,51.978571428571435,24.555656467507944
19,West Ham,28.315068493150687,28.86372840976772,4.923288379303167,23.0,21.956521739130434,7.772201401437428,14.0,15.826086956521738,10.464885761062796,1347.0,1417.4347826086957,877.6885876647799,0.0,1.565217391304348,2.5374662909811456,1.0,0.9565217391304348,1.521908516829063,2.0,3.0434782608695654,2.6194770621349948,0.0,0.13043478260869565,0.34435022157509093,1.4,1.839130434782609,2.251209600199773,1.1,1.2739130434782608,1.4216563295563345,15.0,23.608695652173914,29.742438504960283,31.0,46.04347826086956,41.55224341484252,25.0,47.21739130434783,57.70848095993827,0.0,0.09391304347826088,0.1345949860755587,0.03,0.07739130434782608,0.14454371441018826,0.07,0.13478260869565217,0.1616918945856704,0.07,0.09956521739130435,0.10372508510785812,1.7,1.7,0.028284271247461926,68.85,68.85,8.131727983645295,17.45,17.45,1.0606601717798212,0.0,0.0,,28.0,24.376190476190477,14.729490987875474,0.23,0.3878260869565217,0.42653952733532996,0.04,0.05238095238095238,0.06587144767687758,15.7,17.604761904761904,5.840759898375911,509.0,540.0869565217391,401.16692434168937,79.9,78.23478260869565,7.893991310752073,8466.0,9549.695652173914,7280.7015797978665,89.9,88.59565217391305,7.112887040810927,85.7,83.41739130434782,10.764827076004732,54.9,55.0,16.38505416530565,9.0,12.347826086956522,12.474004590099927,37.0,39.26086956521739,33.140496226197,5.0,10.434782608695652,12.50754712874853,1.0,2.739130434782609,3.5575450077565343,31.0,46.04347826086956,41.55224341484252,18.0,30.869565217391305,30.584167543809755,1.83,2.181304347826087,1.5381964183237047,2.0,2.347826086956522,3.156648044598947,0.1,0.14173913043478262,0.1724858933339463,17.0,23.82608695652174,20.204977275893377,11.0,14.043478260869565,11.891472348893805,22.0,20.0,14.752503639598386,7.0,9.434782608695652,7.5246630063866515,19.0,17.434782608695652,13.303540495797355,4.0,6.6521739130434785,8.48318494891337,11.0,10.782608695652174,7.804174417574286,8.0,12.73913043478261,14.89727672277523,738.0,844.9130434782609,582.7520065909432,42.0,113.8695652173913,178.4642323084341,196.0,316.17391304347825,311.51851720445904,366.0,354.95652173913044,283.18376273766273,116.0,182.17391304347825,184.02461598530115,24.0,32.130434782608695,39.038796958720305,14.0,30.043478260869566,45.242255249700484,47.6,51.85909090909092,23.555964952607763,42.1,36.28181818181818,23.715770046906528,338.0,429.5217391304348,309.082199947054,762.0,1110.3478260869565,914.8724008742547,15.0,23.608695652173914,29.742438504960283,10.0,14.826086956521738,16.606822732383886,2.0,6.826086956521739,13.452448827133306,12.0,18.608695652173914,19.49298039256645,6.0,15.130434782608695,22.766211701926103,480.0,538.2608695652174,382.979849623177,25.0,47.21739130434783,57.70848095993827,15.0,16.47826086956522,13.783618621120151,12.0,15.652173913043478,17.09494528070206,1.0,2.9130434782608696,4.209437918408206,11.0,21.91304347826087,27.21783012438431,46.0,58.130434782608695,47.55026464683651,11.0,22.304347826086957,27.0343801021936,18.0,21.043478260869566,18.78461232176622,50.0,51.65217391304348,16.86192239566623
20,Wolves,27.346575342465755,27.82648401826484,3.996175418846656,24.5,21.208333333333332,9.518764838883824,13.5,15.541666666666666,10.770245512791115,1207.0,1395.4166666666667,875.3376946699741,0.5,2.0833333333333335,3.877658041145193,1.0,1.625,2.203011772452707,2.0,3.0833333333333335,2.764946208560283,0.0,0.08333333333333333,0.28232985128663995,0.75,1.6833333333333333,2.4808250147124826,0.9,1.3458333333333332,1.7653621790410052,11.0,22.166666666666668,26.93255128725424,29.0,43.041666666666664,40.44693696863741,26.0,42.416666666666664,46.842860962887464,0.035,0.11916666666666666,0.16864979579942693,0.035,0.09875,0.13251127925740808,0.07500000000000001,0.10833333333333334,0.121213669291827,0.05500000000000001,0.08041666666666668,0.08169291207967783,1.69,1.3733333333333333,1.2455654673012306,62.3,74.60000000000001,22.00068180761679,26.9,42.300000000000004,51.74814006319454,16.65,16.65,23.546655813512032,28.6,30.890476190476193,17.00246760802398,0.22,0.345,0.41101147767745944,0.07,0.09904761904761905,0.11810608629129839,18.1,18.15714285714286,5.832372710018747,444.0,525.8333333333334,404.8826632673876,80.25,77.03750000000001,9.419997807624597,8035.0,8998.041666666666,6400.967633909917,90.6,88.825,7.152211576483363,86.35,85.3,9.820431231123072,54.1,51.7125,15.996149332831976,9.0,11.75,12.431551723774051,23.0,36.833333333333336,32.873494895837695,4.0,10.208333333333334,12.566273587824591,1.0,2.5833333333333335,3.4251837991516623,29.0,43.041666666666664,40.44693696863741,20.5,27.958333333333332,27.57989054218382,1.745,1.7441666666666666,1.1279142607973998,3.0,3.75,4.131006825376152,0.175,0.24750000000000003,0.24605142622595402,19.0,29.541666666666668,27.08277033974483,10.5,17.333333333333332,16.76867334636528,17.5,24.75,22.591360410948948,7.0,11.291666666666666,12.878965549421599,14.0,16.791666666666668,12.679936794063654,3.5,5.541666666666667,6.007091220177718,8.5,11.25,10.305127470046795,9.0,11.333333333333334,9.70283090320716,709.5,817.125,567.8438481392268,49.0,96.70833333333333,141.69915441638614,238.0,288.2916666666667,245.57571738878113,293.0,368.0,311.2641824951079,121.0,170.91666666666666,182.19290223054358,20.5,26.541666666666668,30.94171121243334,13.5,26.208333333333332,33.29836027646781,46.4,44.147619047619045,22.51118875243196,41.7,42.52857142857143,22.74504655649539,386.0,446.7083333333333,304.45996083824093,988.0,1240.625,908.5586680346346,11.0,22.166666666666668,26.93255128725424,12.5,17.041666666666668,21.399876404898407,2.5,5.333333333333333,8.302260910853382,15.5,21.416666666666668,22.239636896212183,10.5,13.541666666666666,15.015873243849736,462.5,521.5,368.5502738403895,26.0,42.416666666666664,46.842860962887464,14.0,18.5,17.18695157227791,9.0,15.916666666666666,16.732984002358588,1.0,2.375,3.267927145162045,9.5,20.208333333333332,29.526670576993926,42.5,61.541666666666664,50.04431007631629,9.5,16.833333333333332,17.339742404853272,15.0,18.041666666666668,19.612505253507024,41.2,48.75416666666666,26.02654128863986
